section;domaine;indicateur;valeur;evolution;source;fiabilite
4.1 Dy;Dynamiques démographiques : une des régions les plus attract;Population;"6 124 653 hab. (1ᵉʳ janv. 2023) ; ≈ 6,25 M fin 2025";"1 230 289 hab. (2023) ; ≈ 1,26 M au 1ᵉʳ janv. 2026";INSEE via Midi Libre, 18/12/2025, France 3, 19/12/2025, ici.fr, 02/04/2026, Le Journal Toulousain, 18/12/2025. ✅;✅
4.1 Dy;Dynamiques démographiques : une des régions les plus attract;Croissance annuelle 2017-2023;"+0,8 %/an (×2 vs France hors Mayotte) ; 3ᵉ région métropolitaine la plus dynamique";+1,2 %/an — 2ᵉ département le plus dynamique de France métropolitaine (avec la Haute-Garonne);INSEE via Midi Libre, 18/12/2025, France 3, 19/12/2025, ici.fr, 02/04/2026, Le Journal Toulousain, 18/12/2025. ✅;✅
4.1 Dy;Dynamiques démographiques : une des régions les plus attract;Moteur;Croissance exclusivement migratoire (solde naturel régional négatif);"+15 000 arrivants/an (étudiants, retraités, actifs) ; solde naturel passé négatif (−1 100 en 2025 : 10 800 naissances vs 11 900 décès)";INSEE via Midi Libre, 18/12/2025, France 3, 19/12/2025, ici.fr, 02/04/2026, Le Journal Toulousain, 18/12/2025. ✅;✅
4.1 Dy;Dynamiques démographiques : une des régions les plus attract;Pôles;"Toulouse 514 819 hab. (+1,2 %/an) ; Montpellier 310 240 hab. (+1,4 %/an, croissance record parmi les grandes villes)";"Montpellier, Béziers, Sète ; littoral sous pression";INSEE via Midi Libre, 18/12/2025, France 3, 19/12/2025, ici.fr, 02/04/2026, Le Journal Toulousain, 18/12/2025. ✅;✅
6.2 Dé;Démographie : croissance retrouvée, vieillissement réel;Population municipale;24 136 hab. (INSEE, pop. légale 2023);"+6,04 % vs 2017 ; 7ᵉ ville de l'Hérault ; densité 761 hab./km²";INSEE, dossier complet COM-34108, éd. 27/08/2026. ✅ sauf mentions contraires.;✅
6.2 Dé;Démographie : croissance retrouvée, vieillissement réel;Trajectoire longue;11 141 (1968) → 19 145 (1999) → 23 068 (2007) → 22 762 (2017) → 24 136 (2023);Forte croissance 1960-2007, stagnation 2007-2017, reprise depuis;INSEE, dossier complet COM-34108, éd. 27/08/2026. ✅ sauf mentions contraires.;✅
6.2 Dé;Démographie : croissance retrouvée, vieillissement réel;Moteurs 2017-2023;solde migratoire +1,1 %/an, solde naturel −0,1 %/an;Attractivité résidentielle, pas de moteur naturel;INSEE, dossier complet COM-34108, éd. 27/08/2026. ✅ sauf mentions contraires.;✅
6.2 Dé;Démographie : croissance retrouvée, vieillissement réel;Âge;"âge médian ≈ 45 ans ; 65 ans et + : 25,3 % (17,4 % de 65-79 + 7,9 % de 80 ans et +) ; < 15 ans : 14,8 %";Vieillissement net (65+ = 20,3 % en 2012);INSEE, dossier complet COM-34108, éd. 27/08/2026. ✅ sauf mentions contraires.;✅
6.2 Dé;Démographie : croissance retrouvée, vieillissement réel;Ménages;"11 146 résidences principales ; familles monoparentales 16,8 % ; personnes seules en hausse (28,1 % des 65-79 ans)";"Taille moyenne 2,1 ; solitude âgée à anticiper";INSEE, dossier complet COM-34108, éd. 27/08/2026. ✅ sauf mentions contraires.;✅
6.2 Dé;Démographie : croissance retrouvée, vieillissement réel;Formation;"diplômés du supérieur : 26,3 % des 15+ (19 % en 2012) ; sans diplôme : 20,7 %";Montée en qualification, base populaire persistante;INSEE, dossier complet COM-34108, éd. 27/08/2026. ✅ sauf mentions contraires.;✅
6.2 Dé;Démographie : croissance retrouvée, vieillissement réel;Revenus (Filosofi 2023);"niveau de vie médian 24 580 €/uc (France métrop. : 24 330 € en 2022) ; taux de pauvreté 16,5 %";Revenus proches de la moyenne nationale, pauvreté au-dessus;INSEE, dossier complet COM-34108, éd. 27/08/2026. ✅ sauf mentions contraires.;✅
6.2 Dé;Démographie : croissance retrouvée, vieillissement réel;Électorat;"19 089 inscrits (municipales 2026) ; abstention 38,1 %";—;INSEE, dossier complet COM-34108, éd. 27/08/2026. ✅ sauf mentions contraires.;✅
8.1 Pa;Panorama (INSEE, Flores fin 2024);Établissements actifs;2 263 (dont 671 employeurs, 2 076 unités légales);;INSEE, dossier complet, Flores 2024. ✅;✅
8.1 Pa;Panorama (INSEE, Flores fin 2024);Emplois salariés localisés;6 311 postes (hors défense, particuliers employeurs);;INSEE, dossier complet, Flores 2024. ✅;✅
8.1 Pa;Panorama (INSEE, Flores fin 2024);Répartition des emplois;"Admin. publique, enseignement, santé, action sociale 39,9 % (dont 1 290 postes ≥ 100 salariés) ; commerce/transports/services 37,3 % ; industrie 16,4 % (1 035 postes, dont 366 postes ≥ 100 salariés) ; construction 4,6 % ; agriculture/pêche 1,8 %";;INSEE, dossier complet, Flores 2024. ✅;✅
8.1 Pa;Panorama (INSEE, Flores fin 2024);Sphères;présentielle 67 % des emplois / productive 33 %;;INSEE, dossier complet, Flores 2024. ✅;✅
8.1 Pa;Panorama (INSEE, Flores fin 2024);Créations d'établissements;"≈ 470/an (2024) ; taux de création ≈ 15 % (villesavivre.fr)";;INSEE, dossier complet, Flores 2024. ✅;✅
8.1 Pa;Panorama (INSEE, Flores fin 2024);Grandes unités;18 établissements de 50 salariés et +, dont 3 de 100+ dans l'industrie;;INSEE, dossier complet, Flores 2024. ✅;✅
8.4 To;Tourisme : de la station saisonnière à la destination « Arch;Capacité hôtelière;3 hôtels, 130 chambres (2× deux étoiles + 1 non classé) — offre très limitée (1/01/2026);;"INSEE (TOU T1-T3, 2026) ✅ ; frontignan-tourisme.com ; frontignan.fr — Office de tourisme centre ✅ ; agglo ❓.";✅ ❓
8.4 To;Tourisme : de la station saisonnière à la destination « Arch;Campings;6 campings, 508 emplacements, dont 1 cinq étoiles (240 empl.) et 1 quatre étoiles — cœur de l'offre (1/01/2026);;"INSEE (TOU T1-T3, 2026) ✅ ; frontignan-tourisme.com ; frontignan.fr — Office de tourisme centre ✅ ; agglo ❓.";✅ ❓
8.4 To;Tourisme : de la station saisonnière à la destination « Arch;Autres hébergements;"1 résidence de tourisme (28 lits) ; ≈ 3 000 résidences secondaires (20,6 % du parc de logements !)";;"INSEE (TOU T1-T3, 2026) ✅ ; frontignan-tourisme.com ; frontignan.fr — Office de tourisme centre ✅ ; agglo ❓.";✅ ❓
8.4 To;Tourisme : de la station saisonnière à la destination « Arch;Fréquentation;"Station classée ; l'agglo revendique ≈ 1,5 M de touristes/an sur le territoire (2018, à confirmer) ; frontignanais : pas de chiffre public ❓";;"INSEE (TOU T1-T3, 2026) ✅ ; frontignan-tourisme.com ; frontignan.fr — Office de tourisme centre ✅ ; agglo ❓.";✅ ❓
8.4 To;Tourisme : de la station saisonnière à la destination « Arch;Saisonnalité;"Très marquée (estivale) ; office de tourisme intercommunal « Archipel de Thau » (présidée par K. Gouvernayre) ; bureaux Frontignan-centre (toute l'année) et Frontignan-Plage (saisonnier)";;"INSEE (TOU T1-T3, 2026) ✅ ; frontignan-tourisme.com ; frontignan.fr — Office de tourisme centre ✅ ; agglo ❓.";✅ ❓
8.4 To;Tourisme : de la station saisonnière à la destination « Arch;Atouts produits;plages des Aresquiers, sentier des anciens salins (flamants), œnotourisme muscat (90 ans AOP en 2026), tourisme fluvial (halte plaisance en projet), FIRN, joutes, patrimoine;;"INSEE (TOU T1-T3, 2026) ✅ ; frontignan-tourisme.com ; frontignan.fr — Office de tourisme centre ✅ ; agglo ❓.";✅ ❓
9.2 St;Structure et indicateurs de gestion;Dette par habitant (fin 2024);"995 € (≈ 23,9 M€ ; stock ≈ 21 M€ selon CM janv. 2026 ❓)";986 €;"Décomptes publics (comptes 2024) ; Journal du Net — dette 2024. ✅";✅ ❓
9.2 St;Structure et indicateurs de gestion;Annuité de la dette;≈ 3,0 M€ (126 €/hab.);≈ 3,9 M€;"Décomptes publics (comptes 2024) ; Journal du Net — dette 2024. ✅";✅
9.2 St;Structure et indicateurs de gestion;Capacité de désendettement;7,5 ans;5,5 ans;"Décomptes publics (comptes 2024) ; Journal du Net — dette 2024. ✅";✅
9.2 St;Structure et indicateurs de gestion;Impôts locaux par habitant;1 011 €;793 €;"Décomptes publics (comptes 2024) ; Journal du Net — dette 2024. ✅";✅
9.2 St;Structure et indicateurs de gestion;Charges de personnel/hab.;946 €;849 €;"Décomptes publics (comptes 2024) ; Journal du Net — dette 2024. ✅";✅
9.2 St;Structure et indicateurs de gestion;Investissement/hab.;270 €;438 €;"Décomptes publics (comptes 2024) ; Journal du Net — dette 2024. ✅";✅
9.2 St;Structure et indicateurs de gestion;Pression fiscale (indice);188;128;"Décomptes publics (comptes 2024) ; Journal du Net — dette 2024. ✅";✅
9.2 St;Structure et indicateurs de gestion;Rigidité structurelle;66 %;56 %;"Décomptes publics (comptes 2024) ; Journal du Net — dette 2024. ✅";✅
