rang;angle_mort;texte
1;1;Fréquentation de la gare de Frontignan (entrées/sorties annuelles, SNCF/Région) et avancement des études opérationnelles du PEM (lancées fin 2023, livrables, calendrier consolidé 2028-2029) — le financement (25 M€, Région ≤ 10 M€ / agglo 20 % / État engagé) est désormais documenté, pas la programmation détaillée. Point d'angle mort n°1.
2;;Budgets consolidés : répartition précise BP 2025/2026 (fonctionnement/investissement), montant des subventions reçues par exercice et par financeur, dette fine 2025, PPI (programmation pluriannuelle des investissements).
3;;Détail des financements de l'ORU cœur de ville, du pôle culturel Botta, du port (clé Ville/agglo/État/Région/PL21).
4;;Étude d'usage / programmation de la friche Mobil (résultats fin 2026) et gouvernance d'aménagement prévue.
5;;"Vacance commerciale actualisée (4 % = donnée municipale datant de 2019-2020 ; demander l'observatoire ACV 2026)."
6;;Fréquentation touristique frontignanaise (taxe de séjour, nuitées, office de tourisme) — seule la capacité d'hébergement est publique.
7;;"Plan climat-air-énergie territorial (PCAET) de l'agglo et déclinaison communale ; sobriété lumineuse, photovoltaïque municipal."
8;;Zonage PPRI/PPRT cartographié (geoportail) et état d'avancement des cartes « recul du trait de côte » 30/100 ans.
9;;Effectifs et périmètres QPV exacts (population couverte, géographie — cartographie INSEE 2024).
10;;Bilan des concertations (comités habitants, budget participatif : participation, projets lauréats).
11;;Centre aquatique des Hierles : budget, programme (bassins, équipements associés), calendrier de chantier et maîtrise d'œuvre — les marchés sont lancés (budget agglo 2026) mais aucun chiffrage public n'est disponible.
12;;Friche Lafarge : études d'aménagement (contenu, financement, calendrier de renaturation) et articulation avec le centre aquatique voisin.
13;;Contenus du PPA : cartes locales d'exposition 30/100 ans (livrées ?), plan-guide du triangle Sète-Balaruc-Frontignan, scénario de recomposition de Frontignan-Plage, stratégie foncière (EPF Occitanie).
