id;titre;statut;budget;financeurs;calendrier;maitrise_oeuvre;sources
projet-7-1;Requalification du cœur de ville (ORU « Cœur de Ville ») — le projet matriciel;"En cours (travaux depuis 2023 jusqu'à 2025+ ; rue Saint-Paul livrée, puis quai Voltaire, puis 5 phases cœur de ville 2024-mi-2025)";"15 M€ sur 10 ans (chiffre officiel Ville) ; un article de presse (2022) évoquait « 35 M€ d'investissement sur dix ans » pour l'ensemble du programme cœur de ville — périmètres vraisemblablement différents ❓";Ville + partenaires (agglo, État via ACV depuis 2025, FCTVA) — clé de répartition non publiée;"Concertation riverains 2021-2022 → chantiers 2023-2025 (rue Saint-Paul ; places Jean-Jaurès, Hôtel de Ville, Combettes, Vieille-Poste, marché ; rues Boucarié, Pesquier, Anthérieu, Porte-de-Montpellier, Andrans, Baumelle, Clastre Vieille ; rue du Port) → suite de programme après 2025";"Agence Humbert & David (paysagistes urbanistes) : plan-guide centre-ville (11 ha), maîtrise d'œuvre espaces publics, passerelle piétonne sur le canal ; Eva Terliska, Mireia Maso, Sylvain Jacquemet (passagersdesvilles.fr) ✅";https://www.frontignan.fr/mon-quotidien/cadre-de-vie/coeur-de-ville/ | https://www.frontignan.fr/le-centre-ville-au-coeur-dimportants-chantiers/ | https://actu.fr/occitanie/frontignan_34108/pres-de-montpellier-frontignan-la-peyrade-le-vaste-espace-culturel-sortira-de-terre-en-2025_60263910.html
projet-7-2;Reconversion de la friche ExxonMobil (ex-raffinerie Mobil) — le projet du siècle frontignanais;"Dépollution achevée et site restitué à la Ville le 27 mai 2026 (propriété communale) ; programmation urbaine à définir ; usage actuel autorisé : industriel ou équivalent (arrêté de récolement) — études complémentaires en cours pour ouvrir d'autres usages (résultats attendus fin 2026)";"Coût de la dépollution à la charge de l'industriel (Esso, repris par North Atlantic Energies, groupe pétrolier canadien) : 170 000 m³ de terres excavées, dont la moitié réutilisée sur site ; coût exact non publié ❓. Coût de l'aménagement futur : non chiffré";"Pollueur-payeur pour la dépollution (Esso/North Atlantic via Antea Group et Séché Eco Services) ; Ville propriétaire ; aménagement futur : à instruire (État via ACV — la dépollution accélérée a été citée parmi les bénéfices du label ; agglo ; Région ; FCTVA ; France 2030 pour l'attractivité économique)";Raffinerie 1904-1986 → remise en état 1990s → découverte de pollutions (hydrocarbures, métaux lourds) en 2003 → chantier août 2022 → mars 2026 (+ 3 mois de démantèlement) → restitution 27 mai 2026 → prises de possession et études 2026-2027 → aménagements à partir de ≈ 2028;"Dépollution : Antea Group + Séché Eco Services (pour North Atlantic) ; maîtrise d'ouvrage urbaine à venir ❓";https://www.midilibre.fr/2026/05/27/friche-mobil-de-frontignan-un-nouveau-quartier-va-emerger-sur-lancien-site-petrolier-13390607.php | https://echo-des-tribunes.com/herault-tribune/articles/apres-40-ans-de-friche-petroliere-lancien-site-exxonmobil-depollue | https://echo-des-tribunes.com/herault-tribune/articles/frontignan-la-depollution-du-site-exxon-mobil-entre-dans-sa-phase-finale | https://www.lamarseillaise.fr/environnement/le-chantier-de-rehabilitation-de-la-mobil-a-frontignan-touche-a-sa-fin-LI19557862
projet-7-3;Nouvelle gare & pôle d'échanges multimodal (PEM);"Acté et en études opérationnelles (lancées fin 2023) ; livraison souhaitée en 2028 (horizon répété « 2028-2029 » par les élus en 2025-2026) ; 660 k€ inscrits au BP communal 2025 pour la Ville";"25 M€ (revu à la baisse depuis une première estimation à 41 M€, le déplacement d'aiguillage prévu initialement ayant été rendu caduc) ; études de faisabilité 2017-2023 : 1 M€ (Région 345,7 k€ ; Ville 258,8 k€ ; Département 258,8 k€ ; agglo 258,8 k€ ; État 31,7 k€ ; SNCF 17 k€)";"Région Occitanie : 40 % dans la limite de 10 M€ ; agglo : 20 % ; État engagé (confirmation du préfet en 2023) ; Ville ; SNCF";;;https://www.laregion.fr/Mobilites-Pole-d-echanges-multimodal-de-Frontignan-une-nouvelle-gare-plus-moderne-et | https://www.frontignan.fr/une-nouvelle-gare-sncf-et-un-pole-dechanges-multimodal-a-frontignan-la-peyrade-en-2028/ | https://www.herault-tribune.com/articles/frontignan-carole-delga-annonce-la-creation-dune-nouvelle-gare/ | https://thau-infos.fr/index.php/commune/frontignan/206617-conseil-municipal-seance-du-jeudi-6-fevrier-2025
projet-7-4;Pôle culturel des chais Botta — « Le Quai » : livré, en rodage;"Livré — cinéma ouvert le 19 décembre 2025 (4 salles, 545 fauteuils : 286/150/68/44, 16 places PMR) ; brasserie ouverte ; librairie et école de cinéma en ouverture progressive début 2026 ; l'ancien cinéma mono-écran (149 fauteuils, dernière séance fin avril 2025) reconverti en salle de conférences/spectacle";"Aménagement de l'espace cinéma : 2,6 M€ (2 108 m² sur 2 700 m² de bâti) ; budget global du pôle non publié (prév. 2022 : chantier démarré déc. 2022, livraison T1 2024 — glissement de ~18 mois)";"Ville (maître d'ouvrage) ; exploitation cinema : groupement d'exploitants locaux dont Véo Cinémas (DSP, opérateur des cinémas de Sète) ; subventions non publiées ❓";Réunions publiques 2022 → travaux déc. 2022 → ouverture déc. 2025 → montée en charge 2026;Non communiqué ❓;https://www.boxofficepro.fr/arrivee-en-quai-des-lumieres-a-frontignan/ | https://www.midilibre.fr/2022/11/18/frontignan-le-chantier-de-construction-du-futur-miniplexe-va-bientot-demarrer-10811619.php | https://actu.fr/occitanie/frontignan_34108/pres-de-montpellier-frontignan-la-peyrade-un-pole-culturel-a-l-horizon-2024_49726681.html
projet-7-5;Requalification du quai Voltaire & passerelle;"Livré (promenade apaisée achevée 2024 ; travaux cyclables/espaces verts septembre 2025)";"Volet 2025 : 1,5 M€ (piste cyclable, 1 300 m² d'espaces verts, plantations) ; montant total du programme non publié";Ville, agglo (compétence voirie durcie ?), Département (chemin de halage) ❓;2024 (mue du quai) → sept. 2025 (compléments cyclables/paysagers);Humbert & David (espaces publics) ✅;https://www.lemoniteur.fr/article/herault-des-projets-d-amenagement-urbain-a-frontignan-en-2025.2346651 | https://www.frontignan.fr/le-centre-ville-au-coeur-dimportants-chantiers/
projet-7-6;Label Action cœur de Ville & ORU : la boîte à outils;;;;;;https://www.francebleu.fr/emissions/l-info-d-ici-ici-herault/frontignan-rejoint-le-dispositif-action-coeur-de-ville-pour-redynamiser-son-centre-ville-et-accelerer-les-travaux-7860422 | https://anct.gouv.fr/programmes-dispositifs/action-coeur-de-ville
projet-7-7;Restructuration du port de plaisance (2026-2029);"Chantier lancé à l'hiver 2025-2026 (installation de chantier oct.-déc. 2025) ; travaux sur ≈ 3 ans";"≈ 4,5 M€ (4 527 811 € HT au projet 2019 ; ≈ 4,5 M€ confirmé 2026)";"Régie Frontignan Plaisance (SPIC) + Ville ; Plan Littoral 21 (éligibilité revendiquée) ; ❓ clé de répartition";"Enquête publique déc. 2019-janv. 2020 → concerts usagers automne 2025 → travaux 2026-2029 (avant-port d'abord : ~50 postes escale/professionnels + promenade piétonne Rive Est ; puis bassins, pontons, espace petits métiers de la pêche)";;https://echo-des-tribunes.com/herault-tribune/articles/frontignan-lancement-des-travaux-du-port-de-plaisance | https://www.frontignan.fr/contenus/uploads/2019/12/EP-Port-de-plaisance-Frontignan-Note-de-pre%CC%81sentation.pdf | https://www.frontignan.fr/ma-ville/democratie-participative/enquetes-publiques/modernisation-port-plaisance/
projet-7-8;Littoral & plages : protection du lido et station;"(a) Travaux de défense réalisés par tranches dans les années 2010 (épis, rechargements, cordon d'arrière-plage — programme chiffré 13,5 M€ HT en AVP 2012 ; état 2026 à vérifier) ; (b) en cours par étapes (restructuration des artères, stationnement, mobilités douces — PLU) ; (c) Frontignan engagée (cartes d'exposition 30/100 ans à produire, Fonds vert)";"(a) ≈ 13,5 M€ HT (tranches 1+2, estimation 2012) — données à actualiser ❓ ; (b)(c) non chiffrés";"(a) État, Région, agglo/SMN (Syndicat mixte du littoral) ; (c) Fonds vert jusqu'à 80 %";Continu — pas de jalon public consolidé ❓;;https://www.herault.gouv.fr/content/download/11197/66862/file/E-1711870R5-RNT-Op | https://www.registre-dematerialise.fr/5080/download/component/67063/projet-d-ame-nagement-et-de-de-veloppement-durables-padd-mis-au-de-bat-du-conseil-municipal-du-19-juin-2024.pdf
projet-7-9;Habitat / ZAC / éco-quartiers : Mas de Chave et Pielles;"(a) livré/en fin de programme ❓ ; (b) en instruction : déclaration de projet emportant mise en compatibilité du PLU (DPMEC) — concertation publique sept. 2025, reprise de concertation votée le 15 juillet 2026 (programme revu à la baisse), enquête publique annoncée pour 2026 puis fragilisée par la reprise";"Programme initial : 336 logements (dont une part significative de locatif social et d'accession sociale), parc urbain > 2 ha, parking, aménagements doux ; enveloppe financière non publiée";"Ville + aménageur (à confirmer) ; promoteurs/ bailleurs ; agglo (habitat) ❓";"Enquête publique ≠ 2026-2027 selon issue de la concertation ; premiers chantiers au plus tôt 2028 ❓";Urban Projects (cabinet montpelliérain) pour la DPMEC ✅;https://www.lemoniteur.fr/article/herault-des-projets-d-amenagement-urbain-a-frontignan-en-2025.2346651 | https://www.frontignan.fr/concertation-publique-pour-lamenagement-du-secteur-mas-de-chave/ | https://www.midilibre.fr/2025/09/20/les-habitants-de-la-peyrade-font-entendre-leur-voix-au-sujet-du-projet-durbanisation-du-mas-de-chave-a-frontignan-12939269.php | https://www.montpellierimmo9.com/actualites/urbanisme-architecture/projet-mas-de-chave-frontignan
projet-7-10;Équipements publics : culture, sport, éducation, santé;;;;;;https://www.midilibre.fr/2024/04/04/il-ny-aura-pas-daugmentation-des-impots-de-la-part-de-frontignan-11869429.php | https://www.lemoniteur.fr/article/herault-des-projets-d-amenagement-urbain-a-frontignan-en-2025.2346651 | https://www.frontignan.fr/
projet-7-11;Transition écologique et énergétique;;;;;;
projet-7-12;Planification : PLU, SCoT, entrées de ville, ZAN;;;;;;https://www.registre-dematerialise.fr/5080/download/component/67063/projet-d-ame-nagement-et-de-de-veloppement-durables-padd-mis-au-de-bat-du-conseil-municipal-du-19-juin-2024.pdf | https://www.frontignan.fr/mon-quotidien/urbanisme/plu-plan-local-durbanisme/ | https://echo-des-tribunes.com/herault-tribune/articles/frontignan-la-peyrade-politique-de-la-ville-2024-appel-a-projets
projet-7-13;Compléments : friche Lafarge, eaux pluviales, budget participatif;;;;;;https://www.midilibre.fr/2025/01/11/voeux-a-la-population-le-maire-de-frontignan-michel-arrouy-predit-une-annee-importante-pour-sa-ville-12437220.php | https://www.midilibre.fr/2026/05/27/friche-mobil-de-frontignan-un-nouveau-quartier-va-emerger-sur-lancien-site-petrolier-13390607.php | https://www.agglopole.fr/bassin-de-retention-les-travaux-demarrent-a-frontignan/ | https://thau-infos.fr/index.php/commune/frontignan/206617-conseil-municipal-seance-du-jeudi-6-fevrier-2025
